{"MEAN_PIXEL": [190.63119681919645, 190.62750231081043, 190.27306915690102, 0.0968712705845473], "MIN_PIXEL": [0.0, 0.0, 0.0, 0.0], "MAX_PIXEL": [255.0, 255.0, 255.0, 0.19215686274509802], "STD_PIXEL": [0.17323662566170533, 0.09098922777126771, 0.3209146358083353, 7.097581554615424e-05]}