{"MEAN_PIXEL": [96.87127058440456], "MIN_PIXEL": [0.0, 0.0, 0.0, 0.0], "MAX_PIXEL": [255.0, 255.0, 255.0, 192.156862745098], "STD_PIXEL": [0.17323662566170533, 0.09098922777126771, 0.3209146358083353, 0.07097581554696998]}
